Wavelength,Nutrient,Water_Level,Importance,Band
410,Nitrogen,0ml,0.04316227997426746,Violet-Blue (400-450nm)
435,Nitrogen,0ml,0.003928866832092637,Violet-Blue (400-450nm)
460,Nitrogen,0ml,0.006364844788490105,Blue (450-500nm)
485,Nitrogen,0ml,0.07976974695455773,Blue (450-500nm)
510,Nitrogen,0ml,0.0,Green (500-570nm)
535,Nitrogen,0ml,0.059640346823855925,Green (500-570nm)
560,Nitrogen,0ml,0.10424111517082145,Green (500-570nm)
585,Nitrogen,0ml,0.058365797460247726,Yellow (570-620nm)
610,Nitrogen,0ml,0.05391595433091467,Yellow (570-620nm)
645,Nitrogen,0ml,0.0,Red (620-750nm)
680,Nitrogen,0ml,0.4583506199763583,Red (620-750nm)
705,Nitrogen,0ml,0.0,Red (620-750nm)
730,Nitrogen,0ml,0.06549522574813404,Red (620-750nm)
760,Nitrogen,0ml,0.0,NIR (750-940nm)
810,Nitrogen,0ml,0.025876875161126238,NIR (750-940nm)
860,Nitrogen,0ml,0.04088832677913362,NIR (750-940nm)
900,Nitrogen,0ml,0.0,NIR (750-940nm)
940,Nitrogen,0ml,0.0,NIR (750-940nm)
410,Phosphorus,0ml,0.04316227997426746,Violet-Blue (400-450nm)
435,Phosphorus,0ml,0.003928866832092637,Violet-Blue (400-450nm)
460,Phosphorus,0ml,0.006364844788490105,Blue (450-500nm)
485,Phosphorus,0ml,0.07976974695455771,Blue (450-500nm)
510,Phosphorus,0ml,0.0,Green (500-570nm)
535,Phosphorus,0ml,0.05964034682385592,Green (500-570nm)
560,Phosphorus,0ml,0.10424111517082142,Green (500-570nm)
585,Phosphorus,0ml,0.05836579746024772,Yellow (570-620nm)
610,Phosphorus,0ml,0.05391595433091466,Yellow (570-620nm)
645,Phosphorus,0ml,0.0,Red (620-750nm)
680,Phosphorus,0ml,0.45835061997635834,Red (620-750nm)
705,Phosphorus,0ml,0.0,Red (620-750nm)
730,Phosphorus,0ml,0.06549522574813404,Red (620-750nm)
760,Phosphorus,0ml,0.0,NIR (750-940nm)
810,Phosphorus,0ml,0.025876875161126234,NIR (750-940nm)
860,Phosphorus,0ml,0.04088832677913362,NIR (750-940nm)
900,Phosphorus,0ml,0.0,NIR (750-940nm)
940,Phosphorus,0ml,0.0,NIR (750-940nm)
410,Potassium,0ml,0.04316227997426747,Violet-Blue (400-450nm)
435,Potassium,0ml,0.003928866832092638,Violet-Blue (400-450nm)
460,Potassium,0ml,0.006364844788490108,Blue (450-500nm)
485,Potassium,0ml,0.07976974695455774,Blue (450-500nm)
510,Potassium,0ml,0.0,Green (500-570nm)
535,Potassium,0ml,0.05964034682385594,Green (500-570nm)
560,Potassium,0ml,0.10424111517082146,Green (500-570nm)
585,Potassium,0ml,0.05836579746024774,Yellow (570-620nm)
610,Potassium,0ml,0.05391595433091468,Yellow (570-620nm)
645,Potassium,0ml,0.0,Red (620-750nm)
680,Potassium,0ml,0.45835061997635856,Red (620-750nm)
705,Potassium,0ml,0.0,Red (620-750nm)
730,Potassium,0ml,0.06549522574813406,Red (620-750nm)
760,Potassium,0ml,0.0,NIR (750-940nm)
810,Potassium,0ml,0.025876875161126245,NIR (750-940nm)
860,Potassium,0ml,0.04088832677913363,NIR (750-940nm)
900,Potassium,0ml,0.0,NIR (750-940nm)
940,Potassium,0ml,0.0,NIR (750-940nm)
410,pH,0ml,0.0759722303008006,Violet-Blue (400-450nm)
435,pH,0ml,0.059087399380480035,Violet-Blue (400-450nm)
460,pH,0ml,0.04419851003626791,Blue (450-500nm)
485,pH,0ml,0.025067296087763317,Blue (450-500nm)
510,pH,0ml,0.05399309130755467,Green (500-570nm)
535,pH,0ml,0.033993275236085974,Green (500-570nm)
560,pH,0ml,0.1236061715520696,Green (500-570nm)
585,pH,0ml,0.05512372556297366,Yellow (570-620nm)
610,pH,0ml,0.04511001890022721,Yellow (570-620nm)
645,pH,0ml,0.21534133358518032,Red (620-750nm)
680,pH,0ml,0.060124094818128936,Red (620-750nm)
705,pH,0ml,0.015362842971082952,Red (620-750nm)
730,pH,0ml,0.01711866374318154,Red (620-750nm)
760,pH,0ml,0.03864461008004306,NIR (750-940nm)
810,pH,0ml,0.05014880363880896,NIR (750-940nm)
860,pH,0ml,0.044638874729437235,NIR (750-940nm)
900,pH,0ml,0.037529119268208753,NIR (750-940nm)
940,pH,0ml,0.004939938801705193,NIR (750-940nm)
410,Nitrogen,25ml,0.1150590754734299,Violet-Blue (400-450nm)
435,Nitrogen,25ml,0.06737271415257103,Violet-Blue (400-450nm)
460,Nitrogen,25ml,0.08867267538031404,Blue (450-500nm)
485,Nitrogen,25ml,0.022903221199360748,Blue (450-500nm)
510,Nitrogen,25ml,0.07148440038899037,Green (500-570nm)
535,Nitrogen,25ml,0.05345761357830687,Green (500-570nm)
560,Nitrogen,25ml,0.1027198511342025,Green (500-570nm)
585,Nitrogen,25ml,0.034538748239466295,Yellow (570-620nm)
610,Nitrogen,25ml,0.04268409461341318,Yellow (570-620nm)
645,Nitrogen,25ml,0.09631591119927428,Red (620-750nm)
680,Nitrogen,25ml,0.06298484795628367,Red (620-750nm)
705,Nitrogen,25ml,0.054524372780228,Red (620-750nm)
730,Nitrogen,25ml,0.02984164551712415,Red (620-750nm)
760,Nitrogen,25ml,0.021109324934207925,NIR (750-940nm)
810,Nitrogen,25ml,0.04410549443467734,NIR (750-940nm)
860,Nitrogen,25ml,0.03063664945108896,NIR (750-940nm)
900,Nitrogen,25ml,0.039769366161102444,NIR (750-940nm)
940,Nitrogen,25ml,0.02181999340595835,NIR (750-940nm)
410,Phosphorus,25ml,0.11713514080432759,Violet-Blue (400-450nm)
435,Phosphorus,25ml,0.04665737694429204,Violet-Blue (400-450nm)
460,Phosphorus,25ml,0.10327713671475547,Blue (450-500nm)
485,Phosphorus,25ml,0.027008022833208516,Blue (450-500nm)
510,Phosphorus,25ml,0.07907110986023308,Green (500-570nm)
535,Phosphorus,25ml,0.03912195936583844,Green (500-570nm)
560,Phosphorus,25ml,0.1131352974109282,Green (500-570nm)
585,Phosphorus,25ml,0.030591879255077652,Yellow (570-620nm)
610,Phosphorus,25ml,0.04179606722043276,Yellow (570-620nm)
645,Phosphorus,25ml,0.08378324027133612,Red (620-750nm)
680,Phosphorus,25ml,0.07151565164259596,Red (620-750nm)
705,Phosphorus,25ml,0.04601429211408183,Red (620-750nm)
730,Phosphorus,25ml,0.03547384837516363,Red (620-750nm)
760,Phosphorus,25ml,0.03167418413584439,NIR (750-940nm)
810,Phosphorus,25ml,0.039530625267018664,NIR (750-940nm)
860,Phosphorus,25ml,0.032449579143969426,NIR (750-940nm)
900,Phosphorus,25ml,0.044232115142852434,NIR (750-940nm)
940,Phosphorus,25ml,0.01753247349804379,NIR (750-940nm)
410,Potassium,25ml,0.11034387071344975,Violet-Blue (400-450nm)
435,Potassium,25ml,0.0598121234472928,Violet-Blue (400-450nm)
460,Potassium,25ml,0.0923998098080913,Blue (450-500nm)
485,Potassium,25ml,0.028838767408552145,Blue (450-500nm)
510,Potassium,25ml,0.09572793972811941,Green (500-570nm)
535,Potassium,25ml,0.037576007500264096,Green (500-570nm)
560,Potassium,25ml,0.10655940721243659,Green (500-570nm)
585,Potassium,25ml,0.0326565183281497,Yellow (570-620nm)
610,Potassium,25ml,0.04402432026949823,Yellow (570-620nm)
645,Potassium,25ml,0.07899658195521649,Red (620-750nm)
680,Potassium,25ml,0.06104093139765916,Red (620-750nm)
705,Potassium,25ml,0.04882318638987441,Red (620-750nm)
730,Potassium,25ml,0.04345483504771953,Red (620-750nm)
760,Potassium,25ml,0.022062082966870056,NIR (750-940nm)
810,Potassium,25ml,0.04315610126653279,NIR (750-940nm)
860,Potassium,25ml,0.03650478106769206,NIR (750-940nm)
900,Potassium,25ml,0.032003077315260295,NIR (750-940nm)
940,Potassium,25ml,0.02601965817732127,NIR (750-940nm)
410,pH,25ml,0.10521328433655391,Violet-Blue (400-450nm)
435,pH,25ml,0.0603708322596486,Violet-Blue (400-450nm)
460,pH,25ml,0.07367498835396682,Blue (450-500nm)
485,pH,25ml,0.02255064208487628,Blue (450-500nm)
510,pH,25ml,0.06549460325015738,Green (500-570nm)
535,pH,25ml,0.047892162752343204,Green (500-570nm)
560,pH,25ml,0.08826059566862965,Green (500-570nm)
585,pH,25ml,0.07970248775433897,Yellow (570-620nm)
610,pH,25ml,0.08633058609432424,Yellow (570-620nm)
645,pH,25ml,0.10401053722357764,Red (620-750nm)
680,pH,25ml,0.04282306194217569,Red (620-750nm)
705,pH,25ml,0.017905768720024494,Red (620-750nm)
730,pH,25ml,0.034931928203247725,Red (620-750nm)
760,pH,25ml,0.01894419764104928,NIR (750-940nm)
810,pH,25ml,0.019696504995841923,NIR (750-940nm)
860,pH,25ml,0.059281424035593035,NIR (750-940nm)
900,pH,25ml,0.06247582504774409,NIR (750-940nm)
940,pH,25ml,0.010440569635906987,NIR (750-940nm)
410,Nitrogen,50ml,0.2164033064855259,Violet-Blue (400-450nm)
435,Nitrogen,50ml,0.01935980812339492,Violet-Blue (400-450nm)
460,Nitrogen,50ml,0.02101584689989273,Blue (450-500nm)
485,Nitrogen,50ml,0.002407176472101676,Blue (450-500nm)
510,Nitrogen,50ml,0.007533784783899979,Green (500-570nm)
535,Nitrogen,50ml,0.005033128013035896,Green (500-570nm)
560,Nitrogen,50ml,0.02890770072548261,Green (500-570nm)
585,Nitrogen,50ml,0.005540097289737772,Yellow (570-620nm)
610,Nitrogen,50ml,0.01001444990029333,Yellow (570-620nm)
645,Nitrogen,50ml,0.16131650824629182,Red (620-750nm)
680,Nitrogen,50ml,0.4299942839134043,Red (620-750nm)
705,Nitrogen,50ml,0.014636119974910808,Red (620-750nm)
730,Nitrogen,50ml,0.0042189916663319706,Red (620-750nm)
760,Nitrogen,50ml,0.02880218202085777,NIR (750-940nm)
810,Nitrogen,50ml,0.013093858353539925,NIR (750-940nm)
860,Nitrogen,50ml,0.02101196036834148,NIR (750-940nm)
900,Nitrogen,50ml,0.010494198239845935,NIR (750-940nm)
940,Nitrogen,50ml,0.0002165985231111715,NIR (750-940nm)
410,Phosphorus,50ml,0.2270105306060543,Violet-Blue (400-450nm)
435,Phosphorus,50ml,0.01680142574569778,Violet-Blue (400-450nm)
460,Phosphorus,50ml,0.01922081279505564,Blue (450-500nm)
485,Phosphorus,50ml,0.002467309830788355,Blue (450-500nm)
510,Phosphorus,50ml,0.009873920302207078,Green (500-570nm)
535,Phosphorus,50ml,0.003869881433666584,Green (500-570nm)
560,Phosphorus,50ml,0.02267152553559843,Green (500-570nm)
585,Phosphorus,50ml,0.0038495427519487017,Yellow (570-620nm)
610,Phosphorus,50ml,0.012359606312562981,Yellow (570-620nm)
645,Phosphorus,50ml,0.15469413487718253,Red (620-750nm)
680,Phosphorus,50ml,0.4426593715568251,Red (620-750nm)
705,Phosphorus,50ml,0.017897547810269095,Red (620-750nm)
730,Phosphorus,50ml,0.0023537033096036526,Red (620-750nm)
760,Phosphorus,50ml,0.01883815109216675,NIR (750-940nm)
810,Phosphorus,50ml,0.017396050860272516,NIR (750-940nm)
860,Phosphorus,50ml,0.01702593584697902,NIR (750-940nm)
900,Phosphorus,50ml,0.010856236707063562,NIR (750-940nm)
940,Phosphorus,50ml,0.0001543126260579123,NIR (750-940nm)
410,Potassium,50ml,0.2188828228442098,Violet-Blue (400-450nm)
435,Potassium,50ml,0.017503972897331327,Violet-Blue (400-450nm)
460,Potassium,50ml,0.017405543287908883,Blue (450-500nm)
485,Potassium,50ml,0.003541734664053408,Blue (450-500nm)
510,Potassium,50ml,0.006630917321604559,Green (500-570nm)
535,Potassium,50ml,0.004692515407254033,Green (500-570nm)
560,Potassium,50ml,0.022856680675726403,Green (500-570nm)
585,Potassium,50ml,0.005226537708787599,Yellow (570-620nm)
610,Potassium,50ml,0.016212900198912927,Yellow (570-620nm)
645,Potassium,50ml,0.15050424365294718,Red (620-750nm)
680,Potassium,50ml,0.45977760600350753,Red (620-750nm)
705,Potassium,50ml,0.014436675097013988,Red (620-750nm)
730,Potassium,50ml,0.002462008885113423,Red (620-750nm)
760,Potassium,50ml,0.018935586302806087,NIR (750-940nm)
810,Potassium,50ml,0.015167047877839044,NIR (750-940nm)
860,Potassium,50ml,0.01636429559616363,NIR (750-940nm)
900,Potassium,50ml,0.009195479474336871,NIR (750-940nm)
940,Potassium,50ml,0.00020343210448335122,NIR (750-940nm)
410,pH,50ml,0.1360238058808036,Violet-Blue (400-450nm)
435,pH,50ml,0.11895751591299843,Violet-Blue (400-450nm)
460,pH,50ml,0.1655477628589976,Blue (450-500nm)
485,pH,50ml,0.037303425386633456,Blue (450-500nm)
510,pH,50ml,0.06717175396832549,Green (500-570nm)
535,pH,50ml,0.038367274890322926,Green (500-570nm)
560,pH,50ml,0.05182078917707495,Green (500-570nm)
585,pH,50ml,0.032339565520930987,Yellow (570-620nm)
610,pH,50ml,0.040048112443041885,Yellow (570-620nm)
645,pH,50ml,0.0967725876739798,Red (620-750nm)
680,pH,50ml,0.042740020172367825,Red (620-750nm)
705,pH,50ml,0.012965015297005661,Red (620-750nm)
730,pH,50ml,0.024188722655632267,Red (620-750nm)
760,pH,50ml,0.015333805908879873,NIR (750-940nm)
810,pH,50ml,0.022949442215415016,NIR (750-940nm)
860,pH,50ml,0.06361813911016692,NIR (750-940nm)
900,pH,50ml,0.030865245763647374,NIR (750-940nm)
940,pH,50ml,0.002987015163776047,NIR (750-940nm)
